{
  "formatVersion": 1,
  "database": {
    "version": 1,
    "identityHash": "ab0dcb80132844ea8c5465e5bb5ed31a",
    "entities": [
      {
        "tableName": "users",
        "createSql": "CREATE TABLE IF NOT EXISTS `${TABLE_NAME}` (`id` INTEGER, `firstName` TEXT, `lastName` TEXT, `email` TEXT, `gender` TEXT, `birthdate` TEXT, `companyName` TEXT, `department` TEXT, `jobTitle` TEXT, `phone` TEXT, `avatar` TEXT, `emailVerified` INTEGER, `password` TEXT, `lastLogin` TEXT, `lastLoginIp` TEXT, `subscribed` INTEGER, PRIMARY KEY(`id`))",
        "fields": [
          {
            "fieldPath": "id",
            "columnName": "id",
            "affinity": "INTEGER",
            "notNull": false
          },
          {
            "fieldPath": "firstName",
            "columnName": "firstName",
            "affinity": "TEXT",
            "notNull": false
          },
          {
            "fieldPath": "lastName",
            "columnName": "lastName",
            "affinity": "TEXT",
            "notNull": false
          },
          {
            "fieldPath": "email",
            "columnName": "email",
            "affinity": "TEXT",
            "notNull": false
          },
          {
            "fieldPath": "gender",
            "columnName": "gender",
            "affinity": "TEXT",
            "notNull": false
          },
          {
            "fieldPath": "birthdate",
            "columnName": "birthdate",
            "affinity": "TEXT",
            "notNull": false
          },
          {
            "fieldPath": "companyName",
            "columnName": "companyName",
            "affinity": "TEXT",
            "notNull": false
          },
          {
            "fieldPath": "department",
            "columnName": "department",
            "affinity": "TEXT",
            "notNull": false
          },
          {
            "fieldPath": "jobTitle",
            "columnName": "jobTitle",
            "affinity": "TEXT",
            "notNull": false
          },
          {
            "fieldPath": "phone",
            "columnName": "phone",
            "affinity": "TEXT",
            "notNull": false
          },
          {
            "fieldPath": "avatar",
            "columnName": "avatar",
            "affinity": "TEXT",
            "notNull": false
          },
          {
            "fieldPath": "emailVerified",
            "columnName": "emailVerified",
            "affinity": "INTEGER",
            "notNull": false
          },
          {
            "fieldPath": "password",
            "columnName": "password",
            "affinity": "TEXT",
            "notNull": false
          },
          {
            "fieldPath": "lastLogin",
            "columnName": "lastLogin",
            "affinity": "TEXT",
            "notNull": false
          },
          {
            "fieldPath": "lastLoginIp",
            "columnName": "lastLoginIp",
            "affinity": "TEXT",
            "notNull": false
          },
          {
            "fieldPath": "subscribed",
            "columnName": "subscribed",
            "affinity": "INTEGER",
            "notNull": false
          }
        ],
        "primaryKey": {
          "columnNames": [
            "id"
          ],
          "autoGenerate": false
        },
        "indices": [],
        "foreignKeys": []
      }
    ],
    "views": [],
    "setupQueries": [
      "CREATE TABLE IF NOT EXISTS room_master_table (id INTEGER PRIMARY KEY,identity_hash TEXT)",
      "INSERT OR REPLACE INTO room_master_table (id,identity_hash) VALUES(42, 'ab0dcb80132844ea8c5465e5bb5ed31a')"
    ]
  }
}